{
  "properties": {
    "connectionReferences": {
      "shared_commondataserviceforapps": {
        "runtimeSource": "embedded",
        "connection": {
          "connectionReferenceLogicalName": "nl_sharedcommondataserviceforapps_29a15"
        },
        "api": {
          "name": "shared_commondataserviceforapps"
        }
      }
    },
    "definition": {
      "$schema": "https://schema.management.azure.com/providers/Microsoft.Logic/schemas/2016-06-01/workflowdefinition.json#",
      "contentVersion": "1.0.0.0",
      "parameters": {
        "$connections": {
          "defaultValue": {},
          "type": "Object"
        },
        "$authentication": {
          "defaultValue": {},
          "type": "SecureObject"
        }
      },
      "triggers": {
        "When_a_row_is_added,_modified_or_deleted": {
          "metadata": {
            "operationMetadataId": "bf5d2f89-fc49-48a7-a458-23a4557c7c7b"
          },
          "type": "OpenApiConnectionWebhook",
          "inputs": {
            "host": {
              "connectionName": "shared_commondataserviceforapps",
              "operationId": "SubscribeWebhookTrigger",
              "apiId": "/providers/Microsoft.PowerApps/apis/shared_commondataserviceforapps"
            },
            "parameters": {
              "subscriptionRequest/message": 4,
              "subscriptionRequest/entityname": "new_props",
              "subscriptionRequest/scope": 4
            },
            "authentication": "@parameters('$authentication')"
          }
        }
      },
      "actions": {
        "Initialize_variable_-_propname": {
          "runAfter": {},
          "metadata": {
            "operationMetadataId": "41df0ac1-6630-4fb7-85f1-07c796202e38"
          },
          "type": "InitializeVariable",
          "inputs": {
            "variables": [
              {
                "name": "varPropName",
                "type": "string"
              }
            ]
          },
          "description": "This can hold the propname, so it can be reused throughout the entire flow"
        },
        "Initialize_variable_-_proplocation": {
          "runAfter": {
            "Initialize_variable_-_propname": [
              "Succeeded"
            ]
          },
          "metadata": {
            "operationMetadataId": "4142d630-c4e1-43af-bccc-a896bd5e794a"
          },
          "type": "InitializeVariable",
          "inputs": {
            "variables": [
              {
                "name": "varPropLocation",
                "type": "string"
              }
            ]
          },
          "description": "This can hold the propname, so it can be reused throughout the entire flow"
        },
        "Compose": {
          "runAfter": {
            "Initialize_variable_-_proplocation": [
              "Succeeded"
            ]
          },
          "metadata": {
            "operationMetadataId": "dcbff5e3-0917-424d-9dd3-0c4674ce76b2"
          },
          "type": "Compose",
          "inputs": "@triggerOutputs()?['body']"
        },
        "Set_variable": {
          "runAfter": {
            "Initialize_variable_-_proplocation": [
              "Succeeded"
            ]
          },
          "metadata": {
            "operationMetadataId": "7f1a8812-7074-4422-85ad-9cb195366272"
          },
          "type": "SetVariable",
          "inputs": {
            "name": "varPropLocation",
            "value": "@triggerOutputs()?['body/new_location']"
          }
        },
        "Filter_array": {
          "runAfter": {
            "Get_a_row_by_ID": [
              "Succeeded"
            ]
          },
          "metadata": {
            "operationMetadataId": "2b920950-05d1-4383-9e2c-d4f00d027142"
          },
          "type": "Query",
          "inputs": {
            "from": "@outputs('Compose')",
            "where": "@equals('tet', 'twt')"
          }
        },
        "Get_a_row_by_ID": {
          "runAfter": {
            "Compose": [
              "Succeeded"
            ]
          },
          "metadata": {
            "operationMetadataId": "bbedc7f2-59c8-4fc0-b51e-bdb20b153876"
          },
          "type": "OpenApiConnection",
          "inputs": {
            "host": {
              "connectionName": "shared_commondataserviceforapps",
              "operationId": "GetItem",
              "apiId": "/providers/Microsoft.PowerApps/apis/shared_commondataserviceforapps"
            },
            "parameters": {
              "entityName": "new_propses",
              "recordId": "@triggerOutputs()?['body/new_propsid']"
            },
            "authentication": "@parameters('$authentication')"
          }
        }
      }
    },
    "templateName": null
  },
  "schemaVersion": "1.0.0.0"
}