{
  "properties": {
    "connectionReferences": {
      "shared_office365": {
        "runtimeSource": "invoker",
        "connection": {
          "connectionReferenceLogicalName": "mdo_sharedoffice365_62931"
        },
        "api": {
          "name": "shared_office365"
        }
      },
      "shared_teams": {
        "runtimeSource": "invoker",
        "connection": {
          "connectionReferenceLogicalName": "new_sharedteams_76174"
        },
        "api": {
          "name": "shared_teams"
        }
      }
    },
    "definition": {
      "$schema": "https://schema.management.azure.com/providers/Microsoft.Logic/schemas/2016-06-01/workflowdefinition.json#",
      "contentVersion": "1.0.0.0",
      "parameters": {
        "$connections": {
          "defaultValue": {},
          "type": "Object"
        },
        "$authentication": {
          "defaultValue": {},
          "type": "SecureObject"
        }
      },
      "triggers": {
        "manual": {
          "metadata": {
            "operationMetadataId": "e3d7ac4f-c80f-430f-b165-ae19fb9b417f"
          },
          "type": "Request",
          "kind": "PowerAppV2",
          "inputs": {
            "schema": {
              "type": "object",
              "properties": {
                "text": {
                  "title": "Miss Piggys text",
                  "type": "string",
                  "x-ms-dynamically-added": true,
                  "description": "Please enter your input",
                  "x-ms-content-hint": "TEXT"
                }
              },
              "required": [
                "text"
              ]
            }
          }
        }
      },
      "actions": {
        "Initialize_variable": {
          "runAfter": {},
          "metadata": {
            "operationMetadataId": "9f7e8ba4-2c03-4466-8927-56fda4f7c130"
          },
          "type": "InitializeVariable",
          "inputs": {
            "variables": [
              {
                "name": "varText",
                "type": "string"
              }
            ]
          }
        },
        "Scope_Try": {
          "actions": {
            "Send_an_email_(V2)": {
              "runAfter": {},
              "metadata": {
                "operationMetadataId": "f080c8b9-544a-4b05-af85-b37d6b70f104"
              },
              "type": "OpenApiConnection",
              "inputs": {
                "host": {
                  "connectionName": "shared_office365",
                  "operationId": "SendEmailV2",
                  "apiId": "/providers/Microsoft.PowerApps/apis/shared_office365"
                },
                "parameters": {
                  "emailMessage/To": "info@nathalieleenders.com",
                  "emailMessage/Subject": "Miss Piggy announcement",
                  "emailMessage/Body": "<p>@{variables('varText')}</p>",
                  "emailMessage/Importance": "Normal"
                },
                "authentication": "@parameters('$authentication')"
              }
            },
            "Post_message_in_a_chat_or_channel": {
              "runAfter": {
                "Send_an_email_(V2)": [
                  "Succeeded"
                ]
              },
              "metadata": {
                "operationMetadataId": "3955f1c7-928a-4fdc-8abe-6ff741cda7c1"
              },
              "type": "OpenApiConnection",
              "inputs": {
                "host": {
                  "connectionName": "shared_teams",
                  "operationId": "PostMessageToConversation",
                  "apiId": "/providers/Microsoft.PowerApps/apis/shared_teams"
                },
                "parameters": {
                  "poster": "Flow bot",
                  "location": "Channel",
                  "body/recipient/groupId": "4a8fe4d8-ab8a-4449-9682-a892b96f3aa3",
                  "body/recipient/channelId": "19:GDgOSIjXyClPqOaumHj9Rufit9Jp90x5tTDCe8uRBhU1@thread.tacv2",
                  "body/messageBody": "<p>@{variables('varText')}</p>"
                },
                "authentication": "@parameters('$authentication')"
              }
            }
          },
          "runAfter": {
            "Set_variable": [
              "Succeeded"
            ]
          },
          "metadata": {
            "operationMetadataId": "f445ba47-43fe-444e-bd31-847055ae87e2"
          },
          "type": "Scope"
        },
        "Scope_Catch_-_Failed": {
          "actions": {
            "Respond_to_a_Power_App_or_flow_2": {
              "runAfter": {},
              "metadata": {
                "operationMetadataId": "1399687a-c14d-4b16-8641-3ae1c3d64c7d"
              },
              "type": "Response",
              "kind": "PowerApp",
              "inputs": {
                "statusCode": 200,
                "body": {
                  "message": "Message not sent to entire crew, check with IT",
                  "workflowrun": "Failed"
                },
                "schema": {
                  "type": "object",
                  "properties": {
                    "message": {
                      "title": "Message",
                      "x-ms-dynamically-added": true,
                      "type": "string"
                    },
                    "workflowrun": {
                      "title": "Workflowrun",
                      "x-ms-dynamically-added": true,
                      "type": "string"
                    }
                  }
                }
              }
            }
          },
          "runAfter": {
            "Scope_Try": [
              "Failed",
              "Skipped",
              "TimedOut"
            ]
          },
          "metadata": {
            "operationMetadataId": "766e6b86-6d8d-4568-9e92-c65f936eaacf"
          },
          "type": "Scope"
        },
        "Scope_Catch_-__Success": {
          "actions": {
            "Respond_to_a_Power_App_or_flow_3": {
              "runAfter": {},
              "metadata": {
                "operationMetadataId": "dfb511f1-2d20-4d7f-8168-152fbfc2fc0f"
              },
              "type": "Response",
              "kind": "PowerApp",
              "inputs": {
                "statusCode": 200,
                "body": {
                  "message": "Message succesfully sent to entire crew",
                  "workflowrun": "Success"
                },
                "schema": {
                  "type": "object",
                  "properties": {
                    "message": {
                      "title": "Message",
                      "x-ms-dynamically-added": true,
                      "type": "string"
                    },
                    "workflowrun": {
                      "title": "Workflowrun",
                      "x-ms-dynamically-added": true,
                      "type": "string"
                    }
                  }
                }
              }
            }
          },
          "runAfter": {
            "Scope_Try": [
              "Succeeded"
            ]
          },
          "metadata": {
            "operationMetadataId": "e6e395b0-abbe-4827-a4b7-820669f7241a"
          },
          "type": "Scope"
        },
        "Set_variable": {
          "runAfter": {
            "Initialize_variable": [
              "Succeeded"
            ]
          },
          "metadata": {
            "operationMetadataId": "7065eae8-ccd9-4867-903d-867e7a17efe5"
          },
          "type": "SetVariable",
          "inputs": {
            "name": "varText",
            "value": "@triggerBody()['text']"
          }
        }
      },
      "outputs": {}
    },
    "templateName": ""
  },
  "schemaVersion": "1.0.0.0"
}