<ImportExportXml version="9.2.24104.202" SolutionPackageVersion="9.2" languagecode="1033" generatedBy="CrmLive" xmlns:xsi="http://www.w3.org/2001/XMLSchema-instance" OrganizationVersion="9.2.24104.202" OrganizationSchemaType="Standard" CRMServerServiceabilityVersion="9.2.24104.00202">
  <SolutionManifest>
    <UniqueName>PowerConference2024</UniqueName>
    <LocalizedNames>
      <LocalizedName description="Power Conference 2024" languagecode="1033" />
    </LocalizedNames>
    <Descriptions />
    <Version>1.0.0.3</Version>
    <Managed>0</Managed>
    <Publisher>
      <UniqueName>DefaultPublisherorgb1fd890f</UniqueName>
      <LocalizedNames>
        <LocalizedName description="Default Publisher for orgb1fd890f" languagecode="1033" />
      </LocalizedNames>
      <Descriptions>
        <Description description="Default publisher for this organization" languagecode="1033" />
      </Descriptions>
      <EMailAddress xsi:nil="true"></EMailAddress>
      <SupportingWebsiteUrl xsi:nil="true"></SupportingWebsiteUrl>
      <CustomizationPrefix>new</CustomizationPrefix>
      <CustomizationOptionValuePrefix>10000</CustomizationOptionValuePrefix>
      <Addresses>
        <Address>
          <AddressNumber>1</AddressNumber>
          <AddressTypeCode xsi:nil="true"></AddressTypeCode>
          <City xsi:nil="true"></City>
          <County xsi:nil="true"></County>
          <Country xsi:nil="true"></Country>
          <Fax xsi:nil="true"></Fax>
          <FreightTermsCode xsi:nil="true"></FreightTermsCode>
          <ImportSequenceNumber xsi:nil="true"></ImportSequenceNumber>
          <Latitude xsi:nil="true"></Latitude>
          <Line1 xsi:nil="true"></Line1>
          <Line2 xsi:nil="true"></Line2>
          <Line3 xsi:nil="true"></Line3>
          <Longitude xsi:nil="true"></Longitude>
          <Name xsi:nil="true"></Name>
          <PostalCode xsi:nil="true"></PostalCode>
          <PostOfficeBox xsi:nil="true"></PostOfficeBox>
          <PrimaryContactName xsi:nil="true"></PrimaryContactName>
          <ShippingMethodCode xsi:nil="true"></ShippingMethodCode>
          <StateOrProvince xsi:nil="true"></StateOrProvince>
          <Telephone1 xsi:nil="true"></Telephone1>
          <Telephone2 xsi:nil="true"></Telephone2>
          <Telephone3 xsi:nil="true"></Telephone3>
          <TimeZoneRuleVersionNumber xsi:nil="true"></TimeZoneRuleVersionNumber>
          <UPSZone xsi:nil="true"></UPSZone>
          <UTCOffset xsi:nil="true"></UTCOffset>
          <UTCConversionTimeZoneCode xsi:nil="true"></UTCConversionTimeZoneCode>
        </Address>
        <Address>
          <AddressNumber>2</AddressNumber>
          <AddressTypeCode xsi:nil="true"></AddressTypeCode>
          <City xsi:nil="true"></City>
          <County xsi:nil="true"></County>
          <Country xsi:nil="true"></Country>
          <Fax xsi:nil="true"></Fax>
          <FreightTermsCode xsi:nil="true"></FreightTermsCode>
          <ImportSequenceNumber xsi:nil="true"></ImportSequenceNumber>
          <Latitude xsi:nil="true"></Latitude>
          <Line1 xsi:nil="true"></Line1>
          <Line2 xsi:nil="true"></Line2>
          <Line3 xsi:nil="true"></Line3>
          <Longitude xsi:nil="true"></Longitude>
          <Name xsi:nil="true"></Name>
          <PostalCode xsi:nil="true"></PostalCode>
          <PostOfficeBox xsi:nil="true"></PostOfficeBox>
          <PrimaryContactName xsi:nil="true"></PrimaryContactName>
          <ShippingMethodCode xsi:nil="true"></ShippingMethodCode>
          <StateOrProvince xsi:nil="true"></StateOrProvince>
          <Telephone1 xsi:nil="true"></Telephone1>
          <Telephone2 xsi:nil="true"></Telephone2>
          <Telephone3 xsi:nil="true"></Telephone3>
          <TimeZoneRuleVersionNumber xsi:nil="true"></TimeZoneRuleVersionNumber>
          <UPSZone xsi:nil="true"></UPSZone>
          <UTCOffset xsi:nil="true"></UTCOffset>
          <UTCConversionTimeZoneCode xsi:nil="true"></UTCConversionTimeZoneCode>
        </Address>
      </Addresses>
    </Publisher>
    <RootComponents>
      <RootComponent type="1" schemaName="new_episodes" behavior="0" />
      <RootComponent type="1" schemaName="new_episodestages" behavior="0" />
      <RootComponent type="1" schemaName="new_muppetsstaff" behavior="0" />
      <RootComponent type="1" schemaName="new_props" behavior="0" />
      <RootComponent type="1" schemaName="new_showideas" behavior="0" />
      <RootComponent type="1" schemaName="new_stuntdetails" behavior="0" />
      <RootComponent type="29" id="{02f380d2-7530-ee11-bdf4-000d3adf7b8e}" behavior="0" />
      <RootComponent type="29" id="{6f25f8ea-7b9f-ef11-8a6a-000d3adc19eb}" behavior="0" />
      <RootComponent type="29" id="{73afab24-7a9f-ef11-8a6a-000d3adc19eb}" behavior="0" />
      <RootComponent type="29" id="{82a96464-726b-ef11-a670-000d3adca85f}" behavior="0" />
      <RootComponent type="29" id="{854ecfce-994d-ef11-bfe2-000d3aba0688}" behavior="0" />
      <RootComponent type="60" id="{3ea7669d-776b-ef11-a670-000d3adca85f}" behavior="0" />
      <RootComponent type="61" schemaName="new_Beaker" behavior="0" />
      <RootComponent type="61" schemaName="new_muppetshowanimalseeklogo" behavior="0" />
      <RootComponent type="61" schemaName="new_muppetshowgonzoseeklogo" behavior="0" />
      <RootComponent type="61" schemaName="new_The_Muppets_2004" behavior="0" />
      <RootComponent type="62" schemaName="new_PowerConferenceDemo" behavior="0" />
      <RootComponent type="80" schemaName="new_PowerConferenceDemo" behavior="0" />
      <RootComponent type="300" schemaName="new_misspiggyscommunicationassistant_dc66e" behavior="0" />
      <RootComponent type="431" schemaName="new_muppetsstaff new_photostaff" behavior="0" />
      <RootComponent type="432" schemaName="new_muppetsstaff" behavior="0" />
    </RootComponents>
    <MissingDependencies>
      <MissingDependency>
        <Required type="61" schemaName="msdyn_/Images/AppModule_Default_Icon.png" displayName="msdyn_/Images/AppModule_Default_Icon.png" solution="AppModuleWebResources (2.5)" />
        <Dependent type="80" schemaName="new_PowerConferenceDemo" displayName="Power Conference-Demo" />
      </MissingDependency>
      <MissingDependency>
        <Required type="61" schemaName="msfp_surveyQuestionResponse_16" displayName="msfp_surveyQuestionResponse_16" solution="MicrosoftFormsPro (2.0.0.45)">
          <package>MicrosoftFormsPro (2.0.0.45)</package>
        </Required>
        <Dependent type="62" schemaName="new_PowerConferenceDemo" />
      </MissingDependency>
      <MissingDependency>
        <Required type="66" schemaName="MscrmControls.RichTextEditor.RichTextEditorControl" displayName="MscrmControls.RichTextEditor.RichTextEditorControl" solution="msdyn_RichTextEditor (1.0.0.4155)">
          <package>msdyn_TimelineExtended (1.0.0.1584)</package>
          <package>msdynce_EnableUCIByDefault (9.0.1.1996)</package>
        </Required>
        <Dependent type="60" displayName="Information" parentDisplayName="Show Ideas" id="{860983ec-7bf1-4fa5-b52f-fbf53a0eeafe}" />
      </MissingDependency>
      <MissingDependency>
        <Required type="connectionreference" displayName="mdo_sharedoffice365_62931" solution="Active" id.connectionreferencelogicalname="mdo_sharedoffice365_62931" />
        <Dependent type="29" displayName="Miss Piggy Text" id="{73afab24-7a9f-ef11-8a6a-000d3adc19eb}" />
      </MissingDependency>
      <MissingDependency>
        <Required type="connectionreference" displayName="nl_sharedcommondataserviceforapps_29a15" solution="Active" id.connectionreferencelogicalname="nl_sharedcommondataserviceforapps_29a15" />
        <Dependent type="29" displayName="Fozzie's Prop Tracker" id="{6f25f8ea-7b9f-ef11-8a6a-000d3adc19eb}" />
      </MissingDependency>
      <MissingDependency>
        <Required type="connectionreference" displayName="nl_sharedoffice365_c93d2" solution="Active" id.connectionreferencelogicalname="nl_sharedoffice365_c93d2" />
        <Dependent type="29" displayName="Teams flow with input" id="{02f380d2-7530-ee11-bdf4-000d3adf7b8e}" />
      </MissingDependency>
      <MissingDependency>
        <Required type="connectionreference" displayName="nl_sharedteams_13b9b" solution="Active" id.connectionreferencelogicalname="nl_sharedteams_13b9b" />
        <Dependent type="29" displayName="Teams flow with input" id="{02f380d2-7530-ee11-bdf4-000d3adf7b8e}" />
      </MissingDependency>
      <MissingDependency>
        <Required type="connectionreference" displayName="nl_sharedteams_adb21" solution="Active" id.connectionreferencelogicalname="nl_sharedteams_adb21" />
        <Dependent type="29" displayName="Teams flow with input" id="{02f380d2-7530-ee11-bdf4-000d3adf7b8e}" />
      </MissingDependency>
      <MissingDependency>
        <Required type="powerbireport" displayName="new_8b918c0764c44ca587c486c3aab7daab" solution="Active" id.uniquename="new_8b918c0764c44ca587c486c3aab7daab" />
        <Dependent type="60" displayName="Muppets dashboard" id="{3ea7669d-776b-ef11-a670-000d3adca85f}" />
      </MissingDependency>
      <MissingDependency>
        <Required type="SettingDefinition" displayName="AppChannel" solution="msdyn_AppFrameworkInfraExtensions (1.0.0.12)" id.uniquename="AppChannel">
          <package>PowerAppsAppFramework_Anchor (1.0.0.16)</package>
        </Required>
        <Dependent type="AppSetting" displayName="parentappmoduleid.uniquename=new_PowerConferenceDemo,settingdefinitionid.uniquename=AppChannel" id.parentappmoduleid.uniquename="new_PowerConferenceDemo" id.settingdefinitionid.uniquename="AppChannel" />
      </MissingDependency>
    </MissingDependencies>
  </SolutionManifest>
</ImportExportXml>